Year,Month,Day,Time of Tweet,text,sentiment,Platform
2023,1,15,noon, Enjoying a beautiful day at the park!              , positive  , Twitter  
2023,1,15,morning, Traffic was terrible this morning.                 , negative  , Twitter  
2023,1,15,noon, Just finished an amazing workout! üí™               , positive  , Instagram 
2023,1,15,night, Excited about the upcoming weekend getaway!        , positive  , Facebook 
2023,1,15,night, Trying out a new recipe for dinner tonight.        , neutral   , Instagram 
2023,1,16,morning, Feeling grateful for the little things in life.    , positive  , Twitter  
2023,1,16,noon, Rainy days call for cozy blankets and hot cocoa.   , positive  , Facebook 
2023,1,16,night, The new movie release is a must-watch!             , positive  , Instagram 
2023,1,17,morning, Political discussions heating up on the timeline.  , negative  , Twitter  
2023,1,17,noon, Missing summer vibes and beach days.               , neutral   , Facebook 
2023,1,17,noon, Just published a new blog post. Check it out!      , positive  , Instagram 
2023,1,18,morning, Feeling a bit under the weather today.             , negative  , Twitter  
2023,1,18,noon, Exploring the city's hidden gems.                  , positive  , Facebook 
2023,1,19,morning, Technology is changing the way we live.            , neutral   , Twitter  
2023,1,19,noon, Reflecting on the past and looking ahead.          , positive  , Facebook 
2023,1,19,noon, Just adopted a cute furry friend! üêæ              , positive  , Instagram 
2023,1,20,night, Late-night gaming session with friends.            , positive  , Twitter  
2023,1,20,noon, Attending a virtual conference on AI.              , neutral   , Facebook 
2023,1,20,noon, Winter blues got me feeling low.                   , negative  , Instagram 
2023,1,21,morning, Sipping coffee and enjoying a good book.           , positive  , Twitter  
2023,1,21,noon, Exploring the world of virtual reality.            , positive  , Facebook 
2023,1,21,noon, Productive day ticking off my to-do list.          , positive  , Instagram 
2023,1,22,morning, Just finished a challenging workout routine.       , positive  , Twitter  
2023,1,22,noon, Celebrating a milestone at work! üéâ               , positive  , Facebook 
2023,1,22,noon, Sunday brunch with friends.                        , positive  , Instagram 
2023,1,23,noon, Learning a new language for personal growth.       , positive  , Facebook 
2023,1,23,night, Quiet evening with a good book.                    , positive  , Instagram 
2023,1,24,noon, Reflecting on the importance of mental health.     , positive  , Twitter  
2023,1,24,noon, New painting in progress! üé®                       , positive  , Facebook 
2023,1,24,noon, Weekend road trip to explore scenic views.         , positive  , Instagram 
2023,1,25,night, Enjoying a cup of tea and watching the sunset.     , positive  , Twitter  
2023,1,25,noon, Coding a new project with enthusiasm.              , positive  , Facebook 
2023,1,26,morning, Feeling inspired after attending a workshop.       , positive  , Instagram 
2023,1,26,noon, Winter sports day at the local park.               , positive  , Twitter  
2023,1,26,noon, Quality time with family this weekend.             , positive  , Facebook 
2023,1,27,night, Attending a live music concert tonight.            , positive  , Instagram 
2023,1,27,noon, Practicing mindfulness with meditation.            , positive  , Twitter  
2023,1,27,noon, Trying out a new dessert recipe.                   , positive  , Facebook 
2023,1,28,morning, Excited about the upcoming gaming tournament.      , positive  , Instagram 
2023,1,28,noon, Planning a garden makeover for spring.             , positive  , Twitter  
2023,1,28,night, Celebrating a friend's birthday tonight! üéÇ       , positive  , Facebook 
2023,1,29,noon, Feeling accomplished after a productive day.       , positive  , Instagram 
2023,1,29,night, A cozy evening with a good movie.                 , positive  , Twitter  
2023,1,30,noon, Exploring local art galleries this weekend.        , positive  , Facebook 
2023,1,30,noon, New book release from my favorite author!          , positive  , Instagram 
2023,1,30,night, Attending a virtual reality meetup.                , positive  , Twitter  
2023,1,31,morning, Reflecting on the beauty of nature.                , positive  , Facebook 
2023,1,31,night, Cooking a special dinner for loved ones.           , positive  , Instagram 
2023,1,31,noon, Feeling optimistic about the week ahead.           , positive  , Twitter  
2023,2,1,morning, Starting a new fitness challenge tomorrow! üí™     , positive  , Facebook 
2023,2,1,noon, Sunday bike ride through scenic trails.           , positive  , Instagram 
2023,2,11,morning, Can't believe the injustice happening in our society., negative        , Twitter  
2023,2,11,night, Feeling a sense of fear after watching a thriller movie. , neutral         , Instagram 
2023,2,12,noon, Heartbroken after hearing the news about a natural disaster. , negative      , Facebook 
2023,2,12,night, The state of the world's environment is just disgusting. , negative      , Twitter  
2023,2,13,morning, Pure happiness: celebrating a loved one's achievement! , positive    , Instagram 
2023,2,13,night, Laughter is the best medicine‚Äîenjoying a comedy show. , positive          , Facebook 
2023,2,14,morning, Sharing love and positive vibes with everyone! ‚ù§Ô∏è      , positive         , Twitter  
2023,2,14,noon, An amusing incident brightened up my day!               , positive    , Instagram 
2023,2,14,night, Enjoying a quiet evening with a book and some tea.      , positive    , Facebook 
2023,2,15,noon, Admiring the beauty of nature during a peaceful hike.   , neutral   , Twitter  
2023,2,15,noon, Sending affectionate vibes to all my followers!          , positive    , Instagram 
2023,2,15,night, Experiencing awe at the breathtaking sunset.            , positive          , Facebook 
2023,2,16,morning, Disappointed with the service at a local restaurant.    , negative , Twitter  
2023,2,16,noon, A surprise gift from a friend made my day!              , positive     , Instagram 
2023,2,16,night, Finding acceptance in the midst of life's challenges.   , neutral   , Facebook 
2023,2,17,morning, Overflowing with adoration for my adorable pet! üêæ      , positive    , Twitter  
2023,2,17,morning, Anticipating a thrilling adventure in the coming weeks. , neutral , Instagram 
2023,2,17,noon, A bitter experience turned into a valuable lesson.      , neutral       , Facebook 
2023,2,18,morning, Finding calmness in the midst of a busy day.            , neutral     , Twitter  
2023,2,18,noon, Confusion clouds my mind as I navigate through decisions., neutral    , Instagram 
2023,2,18,night, Excitement building up for the upcoming vacation!       , positive   , Facebook 
2023,2,19,noon, Kindness witnessed today restored my faith in humanity. , positive         , Twitter  
2023,2,19,noon, Pride in achieving a personal milestone.               , neutral        , Instagram 
2023,2,19,night, A moment of shame for not standing up against injustice. , negative        , Facebook 
2023,2,20,morning, Fuming with anger after a heated argument.            , negative        , Twitter  
2023,2,20,night, The fear of the unknown is keeping me up at night.    , neutral         , Instagram 
2023,2,21,noon, Heartfelt sadness after bidding farewell to a dear friend. , negative      , Facebook 
2023,2,21,night, The state of corruption in our society is utterly disgusting. , negative      , Twitter  
2023,2,22,morning, Overflowing happiness: welcoming a new family member!  , positive    , Instagram 
2023,2,22,night, Laughter is the key to joy‚Äîattending a stand-up comedy show. , positive          , Facebook 
2023,2,23,morning, Sending love to all my followers on this beautiful day! ‚ù§Ô∏è , positive         , Twitter  
2023,2,23,noon, Amused by the antics of my pet‚Äîit's pure amusement!      , neutral    , Instagram 
2023,2,23,night, Enjoying every moment of this trip‚Äîpure enjoyment!      , positive    , Facebook 
2023,2,24,noon, Admiring the dedication of volunteers at a local charity. , neutral   , Twitter  
2023,2,24,noon, Sending affectionate vibes to friends and family.        , neutral    , Instagram 
2023,2,24,night, Awe-struck by the beauty of the night sky.               , positive          , Facebook 
2023,2,25,morning, Disappointed with the lack of progress in a personal project. , negative , Twitter  
2023,2,25,noon, A surprise visit from an old friend brought tears of joy. , positive     , Instagram 
2023,2,25,night, Embracing acceptance of life's ups and downs.           , neutral   , Facebook 
2023,2,26,morning, Overflowing adoration for a cute rescue puppy! üê∂       , positive    , Twitter  
2023,2,26,morning, Anticipating the release of a much-awaited movie.       , neutral , Instagram 
2023,2,26,noon, Bitter experience at the customer service department.   , negative       , Facebook 
2023,2,27,morning, Finding calmness amidst the chaos of daily life.        , neutral     , Twitter  
2023,2,27,noon, Confusion reigns as I try to make sense of recent events., neutral    , Instagram 
2023,2,27,night, Excitement building up for a surprise birthday party.   , positive   , Facebook 
2023,2,28,noon, Witnessed an act of kindness that made my day.          , positive         , Twitter  
2023,2,28,noon, Pride in completing a challenging fitness challenge.    , neutral        , Instagram 
2023,2,28,night, A moment of shame for not speaking up against injustice., negative        , Facebook 
2023,3,1,morning, Reflecting on the beauty of diversity in our world.     , neutral   , Twitter  
2023,3,1,noon, Excitement for a quiet evening with a good book.        , positive   , Instagram 
2023,3,1,noon, Feeling bitter about the unfairness in the workplace.   , negative       , Twitter  
2023,3,2,night, Calmness prevails as I practice mindfulness.            , neutral     , Facebook 
2023,3,2,noon, Confusion surrounds me as I navigate through life's choices. , neutral , Instagram 
2023,3,2,noon, Excitement for a weekend road trip to explore new places. , positive , Twitter  
2023,3,3,noon, Kindness witnessed today restores my faith in humanity.  , positive         , Facebook 
2023,3,3,noon, Pride in accomplishing personal and professional goals.  , positive        , Instagram 
2023,3,3,noon, Shame for not being true to my values in a difficult situation., negative , Twitter  
2021,8,10,night, The victory of our team brought euphoria to the city. , positive      , Instagram 
2012,11,25,morning, Overflowing with gratitude for life's blessings.      , neutral     , Instagram 
2014,9,14,morning, Empowered to make a difference in my community.        , neutral   , Twitter  
2015,7,18,noon, Compassion in action: supporting a local charity event. , positive    , Instagram 
2017,10,30,noon, Arousal of excitement as I await a special announcement., positive       , Twitter  
2018,6,15,noon, Enthusiastically diving into a new project.            , neutral    , Instagram 
2019,3,28,night, Feeling a sense of fulfillment after reaching a milestone., positive  , Facebook 
2019,11,11,noon, Reverence for the beauty of a historic landmark.       , neutral     , Twitter  
2020,4,2,morning, Elation after a surprise reunion with old friends.    , positive       , Instagram 
2021,6,19,noon, The euphoria of a live music concert under the stars.  , positive      , Facebook 
2010,8,15,morning, Contentment in the simplicity of a quiet Sunday.       , neutral   , Twitter  
2011,9,22,night, Serenity found in the pages of a favorite book.        , neutral      , Instagram 
2012,3,10,morning, Neutral for the support received during tough times. , positive     , Facebook 
2013,12,5,noon, Hopeful about the possibilities of a new journey.      , positive          , Twitter  
2014,7,20,noon, Empowerment through learning and personal growth.      , neutral   , Instagram 
2015,12,22,noon, Compassion towards those in need during the holidays.  , neutral    , Facebook 
2016,2,10,night, Tenderness in the warmth of a cozy winter evening.     , positive    , Twitter  
2017,4,30,noon, Arousal of excitement for an upcoming adventure.       , positive       , Instagram 
2018,9,15,noon, Enthusiasm for a creative project in the making.       , positive    , Facebook 
2019,6,28,night, Fulfillment in completing a challenging workout routine., positive  , Twitter  
2020,11,11,noon, Reverence for the artistry displayed in a museum.      , neutral     , Instagram 
2021,3,2,morning, Elation after achieving a personal goal.               , positive       , Facebook 
2012,2,18,noon, Elation over discovering a hidden gem in the city.   , positive       , Twitter  
2018,11,5,night, The euphoria of a surprise birthday celebration.     , positive      , Instagram 
2015,9,12,noon, Contentment in the simplicity of a home-cooked meal. , neutral   , Facebook 
2016,7,30,night, Serenity found in the melody of a peaceful piano.    , neutral      , Twitter  
2013,4,20,morning, Neutral for the supportive community around me.    , neutral     , Instagram 
2017,12,8,night, Hopeful about the prospects of a new business venture., positive          , Facebook 
2014,6,3,morning, Empowerment through mentoring and guiding others.    , neutral   , Twitter  
2019,1,15,noon, Compassion shown through acts of kindness in the community., Positive, Instagram 
2016,12,25,night, Tenderness in a heartfelt message to a loved one.    , positive    , Facebook 
2018,3,10,morning, Arousal of excitement before a much-awaited trip.    , positive       , Twitter  
2020,9,17,noon, Enthusiasm for a new artistic project in the works.  , positive    , Instagram 
2011,8,28,night, Feeling a sense of fulfillment after helping others. , neutral   , Facebook 
2017,11,1,noon, Reverence for the historical significance of a landmark., neutral , Twitter  
2019,6,15,morning, Elation after achieving a fitness milestone.         , positive       , Instagram 
2022,4,3,noon, The euphoria of a successful product launch.         , positive      , Facebook 
2010,11,12,night, Contentment in the embrace of a loved one.           , neutral   , Twitter  
2011,7,22,night, Serenity found in the beauty of a sunset by the sea.  , neutral      , Instagram 
2012,3,30,noon, Neutral for the small joys that each day brings.   , neutral     , Facebook 
2013,10,5,noon, Hopeful about the potential for personal growth.      , positive          , Twitter  
2014,7,10,noon, Empowerment through learning a new skill.            , neutral   , Instagram 
2015,12,18,noon, Compassion in volunteering for a local charity.       , neutral    , Facebook 
2016,2,10,night, Tenderness in a quiet moment shared with a pet.      , positive    , Twitter  
2017,9,25,noon, Arousal of excitement for an upcoming festival.       , positive       , Instagram 
2018,4,15,noon, Enthusiasm for a DIY home improvement project.       , neutral    , Facebook 
2019,11,28,night, Fulfillment in completing a challenging puzzle.      , positive   , Twitter  
2020,5,11,noon, Reverence for the wonders of nature on a hiking trail., neutral , Instagram 
2021,2,5,morning, Elation after a surprise reunion with a childhood friend., positive   , Facebook 
2021,3,10,morning, Suffering from despair after another setback.      , negative         , Twitter  
2019,11,18,night, Loneliness creeps in as the night grows colder.    , negative      , Facebook 
2020,8,12,noon, Jealousy consumes me as I witness others' success. , negative        , Twitter  
2018,5,22,noon, Resentment building up over past betrayals.        , negative      , Instagram 
2017,1,30,noon, Frustration mounts as obstacles block my path.     , negative     , Facebook 
2021,12,3,night, Intimidation by the unknown future ahead.          , negative    , Facebook 
2020,6,20,noon, Helplessness sinks in as challenges pile up.       , negative    , Twitter  
2018,11,7,noon, Envy eats away at me as I see others' prosperity.  , negative            , Instagram 
2017,8,25,noon, Regret over missed opportunities haunts my thoughts., negative         , Facebook 
2019,2,11,morning, Disgust at the sight of injustice and cruelty.     , negative         , Twitter  
2018,12,15,noon, Regret for decisions that led to a painful present., negative         , Twitter  
2016,7,1,morning, Disgust at the corruption that stains society.     , negative         , Instagram 
2022,4,3,morning,Awe-struck by the breathtaking sunrise over the mountains.      , positive           , Instagram 
2023,10,12,morning,Navigating through the challenges with determination.          , neutral , Twitter  
2019,6,28,night,Nostalgia hits while flipping through an old photo album.     , neutral      , Facebook 
2020,9,15,noon,Thrilled to witness the grandeur of a cultural festival.       , positive        , Instagram 
2017,11,8,night,Calmness found in the rhythm of raindrops on the windowpane.   , neutral      , Twitter  
2021,5,20,noon,Overwhelmed by the support received during a personal challenge., negative   , Facebook 
2023,1,10,noon,Excitement builds as the countdown to a long-awaited vacation begins. , positive , Instagram 
2020,3,15,night,Bittersweet emotions arise while bidding farewell to a dear friend. , negative , Instagram 
2016,8,22,noon,Curiosity sparked by exploring a mysterious ancient ruin.      , neutral     , Facebook 
2019,8,20,noon,Admiration for the intricate details of a handcrafted masterpiece. , neutral    , Instagram 
2021,12,8,night,Overjoyed by the warmth of a cozy fireplace on a winter evening.   , positive     , Twitter  
2020,6,10,night,Inspiration strikes while observing the colors of a vibrant sunset., neutral   , Instagram 
2022,2,28,morning,Motivated to achieve fitness goals after an invigorating workout.  , neutral    , Facebook 
2017,4,15,morning,Gratitude for the simple joys found in a cup of morning coffee.    , neutral     , Twitter  
2018,9,5,noon,Feeling empowered after conquering a challenging hiking trail.     , positive   , Instagram 
2022,10,22,noon,Amused by the antics of playful kittens during playtime.           , positive     , Facebook 
2016,7,2,night,Contemplating life's mysteries under the starry night sky.         , neutral , Twitter  
2020,11,18,noon,Joyful reunion with long-lost friends after years of separation.   , positive , Instagram 
2023,3,5,noon,Excitement builds while preparing for a surprise celebration.     , positive    , Facebook 
2015,12,1,noon,Satisfaction derived from successfully completing a DIY project.  , positive  , Twitter  
2021,9,10,morning,Feeling blessed for the supportive community in times of need.    , positive       , Instagram 
2018,5,12,noon,Captivated by the serenity of a tranquil garden in full bloom.     , neutral      , Facebook 
2022,7,25,morning,Anticipation for an upcoming adventure in an exotic destination.   , neutral  , Twitter  
2019,3,8,night,Reflecting on personal growth achieved through life experiences.  , neutral    , Instagram 
2017,1,28,night,Nostalgic memories flood in while revisiting childhood favorites. , neutral     , Facebook 
2016,11,14,noon,Appreciation for the vibrant culture experienced during travel.   , positive  , Twitter  
2020,4,2,noon,Confidence soars after overcoming public speaking anxiety.       , positive    , Instagram 
2023,1,15,night,Contentment in the midst of a family gathering filled with laughter. , neutral   , Facebook 
2018,8,7,noon,Enthusiasm for learning new skills and expanding knowledge.      , positive    , Twitter  
2019,10,18,noon,Surprise and delight at discovering a hidden gem in the city.    , positive      , Instagram 
2022,6,30,morning,A sense of accomplishment after completing a challenging workout., positive , Facebook 
2017,6,12,night,Wonderment at the beauty of a double rainbow after the rain.     , positive    , Twitter  
2021,7,5,morning,Optimism for a bright future amidst challenging times.           , positive      , Instagram 
2016,4,15,noon,Pride in achieving a personal milestone in career progression.   , positive         , Facebook 
2020,2,10,noon,Happiness blooms like flowers in a garden on a sunny day.        , positive     , Twitter  
2018,9,22,noon,Elation over discovering a rare book in a quaint bookstore.      , positive       , Instagram 
2015,11,8,morning,Curiosity piqued by the mysteries of an ancient archaeological site., neutral   , Facebook 
2022,8,10,night,Mesmerized by the cosmic dance of fireflies on a moonlit night.    , positive   , Instagram 
2019,4,5,noon,Intrigued by the symphony of colors in an abstract art exhibition. , neutral      , Twitter  
2020,12,15,noon,Giggles and joy echo in the air during a children's playdate.      , positive    , Facebook 
2017,10,20,morning,Enveloped in serenity while practicing mindfulness by the lake.    , neutral   , Instagram 
2021,2,28,noon,Chasing dreams like a kite soaring high in the vast open sky.      , neutral   , Twitter  
2018,6,12,night,Spellbound by the elegance of a ballroom dance under crystal chandeliers. , neutral , Facebook 
2016,3,8,noon,Whimsical delight in a world of fairy tales and magical creatures.  , positive        , Instagram 
2023,4,18,noon,Pensive contemplation amid the ancient ruins of a forgotten civilization. , neutral , Twitter  
2020,7,25,noon,Embracing the thrill of speed on a rollercoaster's exhilarating twists. , positive      , Facebook 
2019,11,30,night,Harmony resonates as musicians play a melody of unity and togetherness. , neutral    , Instagram 
2015,9,1,noon,A burst of creativity in the quiet solitude of an artist's studio.  , positive   , Twitter  
2022,5,5,morning,Radiant joy akin to blooming flowers on a sun-kissed spring morning. , positive    , Facebook 
2018,7,8,night,A sense of wonder at the vastness of the cosmos on a stargazing night. , neutral     , Instagram 
2021,9,20,noon,Rejuvenated by the salty breeze and the sound of waves at the seaside. , positive , Twitter  
2016,11,15,noon,Whispers of inspiration from the rustling leaves in a serene forest. , neutral , Facebook 
2020,1,12,night,Savoring the warmth of a cup of cocoa on a chilly winter evening.   , neutral     , Instagram 
2017,12,28,night,Heartfelt gratitude for the laughter shared during a family reunion. , neutral  , Facebook 
2022,6,8,noon,Euphoria floods in as the final puzzle piece clicks into place.       , positive   , Instagram 
2018,8,18,noon,Awe-inspired by the grandeur of an ancient cathedral's intricate architecture. , positive    , Facebook 
2022,8,10,night,Captivated by the ethereal beauty of a field filled with fireflies. , positive   , Instagram 
2019,4,5,noon,Immersed in the enchanting melodies of a street musician's violin. , positive       , Twitter  
2020,12,15,noon,Joyful laughter resonates through a lively summer carnival.         , positive    , Facebook 
2017,10,20,morning,Exploring the universe within during a mindful meditation session. , neutral  , Instagram 
2021,2,28,noon,Soaring like a free spirit on the winds of a coastal cliff.        , positive       , Twitter  
2018,6,12,night,Dazzled by the elegance of a masquerade ball's dazzling costumes. , positive        , Facebook 
2016,3,8,noon,Whimsical delight in a world of whimsical fairy tales.             , positive        , Instagram 
2023,4,18,noon,Reflective contemplation amid the ruins of a forgotten era.        , neutral    , Twitter  
2020,7,25,noon,Riding the adrenaline rush on a rollercoaster's wild twists.      , positive     , Facebook 
2019,11,30,night,Harmony resonates as musicians play a symphony of unity.           , neutral       , Instagram 
2015,9,1,noon,A burst of artistic creativity in the quietude of an artist's studio. , neutral , Twitter  
2022,5,5,morning,Radiant joy akin to blossoming flowers on a sunlit spring morning. , positive      , Facebook 
2018,7,8,night,Awe-inspired by the vastness of the cosmos on a stargazing night.   , neutral       , Instagram 
2022,6,8,noon,Euphoria floods in as the final puzzle piece fits perfectly.       , positive     , Instagram 
2018,8,18,noon,Awe-struck by the grandeur of an ancient cathedral's intricate architecture. , positive    , Facebook 
2015,11,8,morning,Curiosity awakened by the mysteries of an ancient archaeological site. , neutral  , Instagram 
2020,12,2,noon,Giddy with excitement as the first snowflakes dance from the sky. , positive   , Twitter  
2017,6,10,noon,Contentment envelops as the aroma of freshly baked bread fills the air. , neutral , Instagram 
2021,4,15,noon,Inspired by the resilience of a lone tree standing tall in a storm. , neutral   , Facebook 
2016,12,5,night,Drenched in nostalgia while flipping through an old family photo album. , neutral , Instagram 
2018,2,10,night,Spark of inspiration ignites like a shooting star in the night sky. , positive        , Facebook 
2023,2,15,morning,Imbued with gratitude for the simple pleasure of a warm cup of tea. , neutral    , Twitter  
2015,8,22,noon,Marveling at the kaleidoscope of colors in a vibrant street market. , neutral       , Instagram 
2020,11,20,night,Awash with serenity as the sun sets over a tranquil lakeside retreat. , neutral   , Facebook 
2019,8,5,night,Drowning in sorrow as memories of lost love resurface.            , negative    , Instagram 
2021,2,12,noon,Numbness sets in as the weight of loneliness grows heavier.       , negative    , Twitter  
2023,5,20,night,Successfully avoided eye contact with my crush in the hallway. Mission accomplished. #TeenCrush #StealthMode , positive , Twitter 
2023,5,21,night,Ran out of snacks during a movie marathon. Crisis level: Emergency! #MovieNightStruggles #TeenProblems , neutral , Instagram 
2023,5,22,noon,Spent an hour choosing the perfect filter for a selfie. The struggle for that Instagram aesthetic is real. #SelfieQueen #TeenVibes , positive , Facebook 
2023,5,23,noon,Lost my headphones again. How do they vanish into thin air? #HeadphoneMystery #TeenLife , negative , Twitter 
2023,5,24,noon,Decided to study for exams but ended up making memes about studying instead. Procrastination level: Expert. #ProcrastinationNation #TeenConfessions , positive , Instagram 
2023,5,26,noon,Survived a group project without any drama. Miracles do happen. #GroupProjectSuccess #TeenAchievements , positive , Twitter 
2023,5,31,noon,Spent the day binge-watching a new series. Productivity level: Zero. #LazyDay #TVSeriesMarathon , positive , Facebook 
2023,6,1,night,Caught up on the latest fashion trends and now planning a shopping spree. #Fashionista #TrendyTeen , positive , Twitter 
2023,6,2,noon,Decided to learn a new instrument. Day one: Still trying to figure out how to hold it. #MusicNovice #LearningJourney , negative , Instagram 
2023,6,3,night,Spent hours creating the perfect playlist for every mood. Music is my therapy. #PlaylistMaker #TeenMusicLover , positive , Facebook 
2023,6,4,night,Successfully cooked a gourmet meal for the family. Chef skills unlocked! #ChefMode #TeenChef , positive , Twitter 
2023,6,5,morning,Spontaneously booked a weekend getaway. Adventure awaits! #TravelBug #WeekendEscape , positive , Instagram 
2023,6,6,night,Attended a concert and danced the night away. Music is the heartbeat of life. #ConcertVibes #DanceAllNight , positive , Facebook 
2023,6,7,noon,Rediscovered childhood cartoons and had a nostalgia-filled marathon. #CartoonNostalgia #TeenMemories , positive , Twitter 
2023,6,8,noon,Embarked on a DIY home decor project. Let's hope it turns out better than last time. #DIYAdventure #TeenHomeDecor , positive , Instagram 
2023,6,10,noon,Started a blog about random thoughts and musings. Blogging is the new diary. #BloggerLife #TeenBlogger , neutral , Twitter 
2023,6,11,noon,Relishing a peaceful afternoon with a classic novel. Quiet moments are the best moments. #BookLover #PeacefulAfternoon , neutral , Instagram 
2023,6,13,noon,Exploring the world of digital art. It's never too late to discover new passions. #DigitalArtistry #LateBloomer , neutral , Facebook 
2023,6,14,night,Savoring the flavors of a home-cooked meal. Simple joys are the heart of happiness. #HomeCooking #SimpleJoys , neutral , Instagram 
2023,6,15,noon,Embarking on a journey of learning a new language. The mind stays young with every new word. #LanguageLearning #NeverTooLate , neutral , Twitter 
2023,6,17,noon,Capturing the beauty of nature through photography. Every snapshot is a treasure. #NaturePhotography #SeniorPhotographer , positive , Instagram 
2023,7,11,night,Hosted a photography exhibition featuring snapshots of a life well-lived. Every photo has a story to tell. #PhotographyExhibition #SeniorPhotographer , neutral , Twitter 
2023,8,2,noon,Exploring the world of coding. Debugging is an adventure on its own! #CodingJourney #HighSchoolCoder , positive , Twitter 
2023,8,6,noon,Convinced the teacher to have class outdoors. Learning equations with a side of fresh air! , positive , Facebook 
2023,8,8,noon,Trying to master the perfect kickflip on my skateboard. Skating into the weekend like a pro! , positive , Twitter 
2023,8,9,night,Bonding with friends over the latest K-pop sensation. Fangirling at its finest! , positive , Facebook 
2023,8,10,noon,Spent hours perfecting a chemistry experiment. Mixing potions like a wizard! , positive , Instagram 
2023,8,11,night,Successfully organized a surprise birthday party for a friend. Party planning expert mode: Achieved! , positive , Twitter 
2023,8,13,night,Got my hands on the latest fantasy novel. Diving into realms of magic and adventure! , positive , Instagram 
2023,8,14,noon,Mastering the art of the perfect doodle during boring classes. Doodles: A+! , positive , Twitter 
2023,8,15,night,Attempting to break the school record for the longest handstand. Wish me luck! , positive , Facebook 
2023,8,16,noon,Sneaking snacks into class like a pro. The art of snack-smuggling is a sacred skill! , neutral , Instagram 
2023,8,17,night,Hosting a sleepover with friends this weekend. Preparing for a night of laughter and memories! , positive , Twitter 
2023,8,19,night,Accidentally liked my crush's old photo while stalking their profile. Awkward level: Maximum! , negative , Instagram 
2023,8,20,noon,Tried to impress my crush with a smooth conversation. Ended up spilling my drink. Smooth level: Nonexistent! , negative , Twitter 
2023,8,21,noon,Mastered the art of creating paper airplanes during lecture. Paper planes: Soaring to new heights! , positive , Instagram 
2023,8,22,noon,Trying to set a new trend by juggling textbooks between classes. Academic juggling: A unique skill! , positive , Facebook 
2023,8,23,noon,Hiding a snack stash in my backpack for emergency cravings. Snack ninja mode: Activated! , neutral , Twitter 
2023,8,24,night,Planning a surprise scavenger hunt for friends. Anticipating the thrill and excitement! , positive , Instagram 
2023,8,25,noon,Danced in the rain to celebrate the end of exams. Rain dance: Unexpectedly refreshing! , positive , Facebook 
2023,8,26,noon,Accidentally sent a text meant for a friend to the class group chat. Texting fail: Oops moment! , negative , Twitter 
2023,8,27,night,Tried a magic trick to impress classmates. Magic fail: Where did that rabbit go? , negative , Instagram 
2023,8,28,noon,Perfecting the art of creating origami during a dull lecture. Origami mastery: A+! , positive , Twitter 
2023,8,29,noon,Attempting to set a new record for the most consecutive hacky sack kicks. Hacky sack skills: Unleashed! , positive , Instagram 
2023,8,30,noon,Creating a secret handshake with friends. Friendship level: Expert! , positive , Facebook 
2023,8,31,night,Embarking on a mission to find the best burger joint in town. Burger connoisseur: Reporting for duty! , positive , Twitter 
2023,9,1,noon,Practicing a stand-up comedy routine for the upcoming talent show. Comedy gig: In the making! , positive , Instagram 
2023,9,2,night,Accidentally sent a love letter to the wrong person. Love note fail: Maximum embarrassment! , negative , Facebook 
2023,9,3,night,Attempting to impress the teacher with an elaborate science experiment. Science geek mode: Activated! , positive , Twitter 
2023,9,4,noon,Crafting intricate friendship bracelets for the whole squad. Friendship level: Expert weaver! , positive , Instagram 
2023,9,5,noon,Attempting to beat the record for the most consecutive cartwheels. Cartwheel challenge: Underway! , positive , Twitter 
2023,9,6,noon,Organizing a movie marathon with friends. Popcorn and cinematic adventures await! , positive , Facebook 
2023,9,7,night,Experimenting with a new hair color. A bold change for a bold semester! , positive , Instagram 
2023,9,8,noon,Building a time capsule to capture memories for the future. Time-traveling emotions! , positive , Facebook 
2023,9,9,noon,Accidentally walked into the wrong classroom on the first day. Classroom mix-up: Awkward start! , negative , Twitter 
2023,9,10,night,Trying out a new smoothie recipe for a healthy start to the week. Smoothie enthusiast: Level up! , positive , Instagram 
2023,9,11,noon,Reflecting on the challenges of the school year. Feeling a bit overwhelmed with assignments. , negative , Twitter 
2023,9,12,noon,Encountered some mean-spirited comments online. Dealing with online hate is never easy. , negative , Instagram 
2023,9,13,noon,Had a bad day at school. Everything seems to be going wrong. , negative , Facebook 
2023,9,14,night,Feeling down after not making the sports team. Disappointment lingers. , negative , Twitter 
2023,9,15,noon,Witnessed a heated argument in the cafeteria. Unpleasant atmosphere at lunch. , negative , Instagram 
2023,9,16,noon,Received a not-so-great grade on a major project. Academic frustration setting in. , negative , Facebook 
2023,9,17,night,Dealing with a personal setback. Sometimes life throws unexpected challenges. , negative , Twitter 
2023,9,18,night,Feeling lonely on a Saturday night. Sometimes solitude hits harder than expected. , negative , Instagram 
2023,9,19,noon,Experiencing cyberbullying. Hateful messages online are disheartening. , negative , Facebook 
2023,9,20,noon,Caught in a torrential rainstorm without an umbrella. Today's weather is just bad luck. , negative , Twitter 
2023,9,21,noon,Missing an important event due to unforeseen circumstances. A day filled with sadness. , negative , Instagram 
2023,9,22,night,Dealing with unfounded rumors circulating about personal life. Rumors can be hurtful. , negative , Facebook 
2023,9,23,noon,Got a flat tire on the way to an important meeting. Talk about a series of bad events! , negative , Twitter 
2023,9,24,noon,Feeling a sense of emptiness after a close friend moves away. Farewells are always sad. , negative , Instagram 
2023,9,25,night,Facing rejection from a dream college. Disheartened but determined to explore other paths. , negative , Facebook 
2023,9,26,noon,Encountering online toxicity during a gaming session. Hateful comments can ruin the fun. , negative , Twitter 
2023,9,27,noon,Having a bad hair day and feeling self-conscious. Bad hair days can affect confidence. , negative , Instagram 
2023,9,28,night,Feeling a sense of despair after a major project failure. Hard work didn't pay off this time. , negative , Facebook 
2023,9,29,noon,Experiencing hate comments for expressing personal opinions. Online negativity prevails. , negative , Twitter 
2023,9,30,night,Having a string of bad luck with constant technology malfunctions. Tech troubles galore! , negative , Instagram 
2023,10,1,noon,Missing out on a long-anticipated event due to unexpected circumstances. A day filled with sadness. , negative , Facebook 
2023,10,2,noon,Trying out a new study technique for upcoming exams. Exploring different learning strategies. , neutral , Instagram 
2023,10,3,noon,Organizing a community cleanup event for a cleaner neighborhood. Promoting environmental awareness. , neutral , Twitter 
2023,10,4,night,Sharing favorite book recommendations with classmates. Building a mini book club. , neutral , Facebook 
2023,10,5,noon,Experimenting with a new recipe for a school bake sale. Baking adventures in the kitchen. , neutral , Instagram 
2023,10,6,noon,Collaborating on a school project with peers. Teamwork makes the dream work. , neutral , Twitter 
2023,10,7,night,Attending a school club meeting to explore new interests. Dabbling in extracurricular activities. , neutral , Instagram 
2023,10,8,noon,Exploring a new part-time job opportunity for gaining work experience. Career development in progress. , neutral , Facebook 
2023,10,9,night,Attending a school assembly to stay informed about upcoming events and announcements. Staying connected with school activities. , neutral , Twitter 
2023,10,10,noon,Exploring a new hobby of photography during free time. Capturing moments through a lens. , neutral , Instagram 
2023,10,11,noon,Participating in a science fair to showcase a unique experiment. Sharing knowledge with peers. , neutral , Facebook 
2023,10,12,night,Attending a workshop on time management to enhance organizational skills. Striving for efficiency. , neutral , Twitter 
2023,10,13,noon,Volunteering at a local charity event to give back to the community. Contributing to social causes. , neutral , Instagram 
2023,10,14,noon,Collaborating on a group project to promote teamwork and shared responsibilities. Group effort in action. , neutral , Facebook 
2023,10,15,night,Participating in a debate club to enhance critical thinking and communication skills. Intellectual engagement in progress. , neutral , Twitter 
2023,10,16,noon,Celebrating a friend's birthday with a surprise party. Joyful moments and laughter all around! , positive , Instagram 
2023,10,17,noon,Successfully completing a challenging coding project. Excitement for overcoming coding hurdles! , positive , Twitter 
2023,10,18,noon,Attending a school talent show to support classmates. Applauding the diverse talents on display! , positive , Facebook 
2023,10,20,noon,Winning a friendly sports competition against rival schools. Victory celebrations in full swing! , positive , Twitter 
2023,10,21,noon,Receiving a heartfelt letter from a pen pal in another country. Connecting across the globe! , positive , Facebook 
2023,10,22,night,Creating a beautiful mural with fellow art enthusiasts. The power of collaboration and creativity! , positive , Instagram 
2015,11,10,noon,Participating in a school-wide art exhibition. Witnessing creativity and spreading positive vibes! , positive , Instagram 
2016,9,14,noon,Achieving a personal best in a track and field competition. The thrill of victory and self-improvement! , positive , Twitter 
2017,8,18,night,Collaborating on a science project that received recognition at a regional fair. Science triumphs and smiles! , positive , Facebook 
2019,4,5,noon,Successfully fundraising for a school charity initiative. The joy of giving back to the community! , positive , Twitter 
